Project Name,Slug,Collection ID,Locale ID,Item ID,Archived,Draft,Created On,Updated On,Published On,Sorting Number,Page Title,Meta Description,Hero,Video Preview,Thumbnail,Thumbnail Alt Text,Project Title,Scope,Challenge,Image 1,Image 1 Alt Text,The Thought,TEST IMAGE,Image 2,Image 2 Alt Text,Image 3,Image 3 Alt Text,Solution,Result,Image 4,Image 4 Alt Text,Image 5,Image 5 Alt Text,Symbol 1,Symbol 1 Alt Text,Symbol 1 Heading,Symbol 1 Subheading,Symbol 2,Symbol 2 Alt Text,Symbol 2 Heading,Symbol 2 Subheading,Symbol 3,Symbol 3 Alt Text,Symbol 3 Heading,Symbol 3 Subheading,Image 6,Image 6 Alt Text,Client Testimonial,Scope 1,Scope 2,Scope 3,Scope 4
City Fitness,city-fitness,67bcff0e0c4ad323511425a7,6662439aca412a132853c5f7,67c61eaaa6235e6e5482b50e,FALSE,FALSE,Mon Mar 03 2025 21:27:06 GMT+0000 (Coordinated Universal Time),Tue Mar 04 2025 22:08:13 GMT+0000 (Coordinated Universal Time),Tue Mar 04 2025 22:08:13 GMT+0000 (Coordinated Universal Time),11,City Fitness Case Study | Ambitious Aotearoa,City Fitness revitalised their digital presence by embracing a new advertising campaign focused on inclusivity.,https://cdn.prod.website-files.com/6662439aca412a132853c5f8/66694eecc33c80c179b5a862_Frame%2039403.jpg,,https://cdn.prod.website-files.com/6662439aca412a132853c5f8/6720369dc382ae4c0d96b7e3_thumb_cf.webp,City Fitness digital advertising,City Fitness,"Advertising , Digital Marketing , Social Media , Art Direction & Copywriting , Design , Film & Photography","City Fitness is New Zealand’s largest chain of gyms offering fitness enthusiasts a budget-friendly option without skimping on quality. With more competition from affordable gyms in the market, a lack of fresh creative ideas in their digital marketing was beginning to hold them back.",https://cdn.prod.website-files.com/6662439aca412a132853c5f8/675ba91030c564f846ed337a_cityfitness_logo.jpg,City Fitness Logo,Fitness For Every Body,,https://cdn.prod.website-files.com/6662439aca412a132853c5f8/675ba9691f747eff2a983529_City-Fitness_1%20(resized).webp,Mockup of City Fitness Mobile Ads,https://cdn.prod.website-files.com/6662439aca412a132853c5f8/6668cd42fe6c7e7a49e89b13_City-Fitness_2%20(resized).webp,City Fitness banner ad on Stuff website,"Good creative isn’t just reserved for traditional media like print or television. As a digital-first agency we were able to bring smart creative ideas to CityFitness’ digital media to increase engagement. Even with an unbeatable offer (you don’t get much better than $6.99/week) the gym giant’s display ads were failing to have as much impact as they once did. We decided a new direction was needed – one that positioned CityFitness as a space for every body. New display ads featured a brighter design, photography highlighting the friendly nature of their staff and smiling, happy, real clients. With traction gaining on our new display ads, CityFitness also needed a more considered approach to their social media. Building on the ‘Fitness for Every Body’ idea we created social media calendars that centered strong creative ideas including sharing simple but effective fitness advice and the positive, inclusive spirit the new art direction developed.",,https://cdn.prod.website-files.com/6662439aca412a132853c5f8/6668cd46a379fd00d458b678_City-Fitness_4%20(resized).webp,City FItness poster advertising,,,,,,,,,,,,,,,,,,Design,Digital Marketing,Advertising,
Detail Depot,detail-depot,67bcff0e0c4ad323511425a7,6662439aca412a132853c5f7,67c61eaa7c648b4bfd9364e1,FALSE,FALSE,Mon Mar 03 2025 21:27:06 GMT+0000 (Coordinated Universal Time),Tue Mar 04 2025 22:07:45 GMT+0000 (Coordinated Universal Time),Tue Mar 04 2025 22:07:45 GMT+0000 (Coordinated Universal Time),19,Detail Depot Case Study | Ambitious Aotearoa,"Through digital marketing and web development, we made the made the journey between browsing and purchasing shorter for online e-commerce site Detail Depot. See how.",https://cdn.prod.website-files.com/6662439aca412a132853c5f8/668f6615a7374cdf30f86a3c_website-banner_1560x740px_1.webp,,https://cdn.prod.website-files.com/6662439aca412a132853c5f8/6720373075c59bb8f483619e_thumb_detaildepot.webp,Detail Depot digital campaign advertising,Detail Depot,"Advertising Creation & Ideation , Digital Marketing , Web Development",Our client needed a new website for their e-commerce business that would make it easy for customers to browse their range of car detailing products and streamline the payment process.,https://cdn.prod.website-files.com/6662439aca412a132853c5f8/668cc09efeed4d8cf0149ef3_Hero%20Image.webp,Detail Depot Logo,For A Showroom Shine,,https://cdn.prod.website-files.com/6662439aca412a132853c5f8/668ca98ecda7c5bf8be7ac97_29%20Smartphone%20Screen%20Mockup.webp,Detail Depot website on mobile phone,https://cdn.prod.website-files.com/6662439aca412a132853c5f8/668ca987ec923f810cd89ac8_Laptop%20Mockup%20F.webp,Detail Depot website on laptop computer,"The existing website showcased the brand rather than the products on the home page. This meant traffic arriving on the site would often drop off without making a purchase. The old website also required a plugin for their POS system which was less agile and efficient. We chose to build the new site on Shopify as the platform came with a native POS system and could seamlessly move visitors through the site. Our new design prioritised a Shop Now call to action and highlighted the site’s most popular items. Brand messaging was moved further down the home page. These small changes made the journey between browsing and purchasing shorter. After completing the site, Detail Depot saw steady growth in online sales, helped by the move to the Shopify platform and with periodic online advertising activity centred around holiday weekends. In the last 12 months, online advertising has contributed to almost $250,000 in sales revenue, generated from 1,600 purchases.",,https://cdn.prod.website-files.com/6662439aca412a132853c5f8/668ca997d220dff0983b7cab_Hand-with-Mobile-Mockup.webp,Detail Depot website on mobile phone,https://cdn.prod.website-files.com/6662439aca412a132853c5f8/668ca992049c3bd280390c4f_FB%20post%20mockup.webp,Detail Depot Facebook advertising on mobile phone,,,,,,,,,,,,,,,,Digital Marketing,Web Design,,
Fenestra - Branding & Advertising,fenestra-branding-advertising,67bcff0e0c4ad323511425a7,6662439aca412a132853c5f7,67c61eaa2cfde3b3b165cd2b,FALSE,FALSE,Mon Mar 03 2025 21:27:06 GMT+0000 (Coordinated Universal Time),Tue Apr 15 2025 23:57:20 GMT+0000 (Coordinated Universal Time),Tue Apr 15 2025 23:57:20 GMT+0000 (Coordinated Universal Time),4,Fenestra Branding & Advertising Case Study | Ambitious Aotearoa,Learn how our strategic approach and rebrand established Fenestra as Aotearoa's premium uPVC windows manufacturer.,https://cdn.prod.website-files.com/6662439aca412a132853c5f8/67fef25bd7ab3afccd6eae35_hero_fenestra_brand.jpg,,https://cdn.prod.website-files.com/6662439aca412a132853c5f8/67204afbc382ae4c0da81f20_thumb_fenestra_b%26a.webp,Fenestra brochure cover,"Warmer, Healthier Windows For Life","Branding & Visual Identity , Digital Marketing",Our clients were a new business operating in an established industry of uPVC manufacturers. We needed to give our clients a point of difference that would inspire Kiwis to not only upgrade their windows and doors but choose Fenestra as their preferred installer.,https://cdn.prod.website-files.com/6662439aca412a132853c5f8/66624dff6618ebfbf2458f75_fen_image1.jpg,Fenestra logo,"Warmer, Healthier Windows For Life",,https://cdn.prod.website-files.com/6662439aca412a132853c5f8/675baa10c6af5d8def3497c3_Fenestra%20Prints%20Mockup_01.webp,Art board of Fenestra's logo animation frames,https://cdn.prod.website-files.com/6662439aca412a132853c5f8/675baa3bc96b2c1cee5ef9ed_Fenestra%20Vehicle%20Graphics.jpg,Vehicle wrap of Fenestra logo and design,"Europe is known as a producer of well-made, high quality and innovative products. We combined the idea of quality European design with a product manufactured to meet New Zealand’s difficult climate to show how Kiwi homes can benefit from investing in a global standard of insulation — uPVC. Our campaign line of “warmer, healthier windows for life,” speaks to the longevity of the product. The art direction features bold images of families and individual enjoying their warm, dry homes. We paired it with a colour palette in a nod to the product’s German design roots. The clear imagery and bright colours look distinctly European. Focusing on the human benefit of the product distinctly sets it apart from local competitors. With a refreshed brand, digital marketing and a modern landing page, we showed that with the right joinery, Kiwis can enjoy a European level of comfort in their homes, even in the depths of a New Zealand winter.",,https://cdn.prod.website-files.com/6662439aca412a132853c5f8/67205495c73a3e6877cf9b13_Fenestra%20T-Shirt%20with%20Notebook%20Mockup%20Concept%2002a.webp,Woman wearing Fenestra branded shirt and carrying Fenestra brochure,https://cdn.prod.website-files.com/6662439aca412a132853c5f8/66624f6ae31a491af21d81b2_fen_image4.jpg,Fenestra brochure,,,,,,,,,,,,,,,,Branding,Digital Marketing,,
Fenestra - Web Design,fenestra-web-design,67bcff0e0c4ad323511425a7,6662439aca412a132853c5f7,67c61eaa8ddeffc9352b3c3b,FALSE,FALSE,Mon Mar 03 2025 21:27:06 GMT+0000 (Coordinated Universal Time),Tue Apr 15 2025 23:57:07 GMT+0000 (Coordinated Universal Time),Tue Apr 15 2025 23:57:07 GMT+0000 (Coordinated Universal Time),12,Fenestra Web Design Case Study | Ambitious Aotearoa,Learn how we built a custom Craft CMS website that combined a range of visualisation tools with a content-first approach to teach kiwis about the benefits of investing in uPVC.,https://cdn.prod.website-files.com/6662439aca412a132853c5f8/67fef24e9433907801d5cf5c_hero_fenestra_website.jpg,,https://cdn.prod.website-files.com/6662439aca412a132853c5f8/67203750632df41e33d950e0_thumb_fenestra_website.webp,Grid of Fenestra website pages,"Designed in Germany, For New Zealand Conditions","UI/UX Design , Web Design","Despite being a thermally superior choice, research told us that New Zealanders were not familiar with the benefits of uPVC. While creating a new website for our client Fenestra, we needed to educate New Zealanders about the benefits of using uPVC and positioning the joinery as a superior and stylish option.",https://cdn.prod.website-files.com/6662439aca412a132853c5f8/672054e3befd4e649215c8c2_Fenestra.gif,GIF of Fenestra website pages,"Designed in Germany, For New Zealand Conditions",,,,https://cdn.prod.website-files.com/6662439aca412a132853c5f8/672054f03596f0c8ca123e91_Fenestra%20laptop%20mock.webp,Fenestra website on laptop computer,"Using Craft CMS, we built a new website for Fenestra that presented the benefits of uPVC front and centre. We asked visitors to think about how they’d like to improve their home through a range of tangible goals like reducing the price of their monthly power bills, making it warmer, and eliminating dampness. The tagline ‘Designed in Germany, For New Zealand Conditions’ communicates that modern uPVC can withstanding New Zealand’s harsh weather conditions. We created a range of customised visualisation tools so that visitors could see how the different colours and profile styles might look in a real home. By building the site on Craft CMS we were able to create these image-heavy tools without any compromise to site speed.",,https://cdn.prod.website-files.com/6662439aca412a132853c5f8/672054f80b7b2b4223914b85_fenestra%20mobile%20mock.webp,Fenestra website on mobile phone,,,,,,,,,,,,,,,,,,Web Design,,,
Gentle Dental - Branding & Advertising,gentle-dental,67bcff0e0c4ad323511425a7,6662439aca412a132853c5f7,67c61eaa96479554e720292c,FALSE,FALSE,Mon Mar 03 2025 21:27:06 GMT+0000 (Coordinated Universal Time),Tue Apr 15 2025 23:57:58 GMT+0000 (Coordinated Universal Time),Fri May 09 2025 00:26:26 GMT+0000 (Coordinated Universal Time),6,Gentle Dental Branding & Advertising Case Study | Ambitious Aotearoa,Gentle Dental have grown to four Wellington-based locations using a strategic digital advertising campaign and purpose-built modern website.,https://cdn.prod.website-files.com/6662439aca412a132853c5f8/67fef1f478eeae0ae8cd3664_hero_gd-advertising.jpg,,https://cdn.prod.website-files.com/6662439aca412a132853c5f8/67204b071055a49401f7de98_thumb_gd_b%26a.webp,Gentle Dental billboard ad,Every Smile Tells a Story,"Digital Marketing Campaign Management , Campaign Optimisation","Like many of their competitors, Gentle Dental’s existing advertising focused on using perfect but generic smiles to draw attention to their services. Our client needed a visual identity that leant into their differentiating factor – that of Wellington’s gentlest dental practice.",https://cdn.prod.website-files.com/6662439aca412a132853c5f8/675ba86012cb632a2ce658ef_gentledental_logo.jpg,"Gentle Dental type lockup ""Every Smile Tells a Story""","Every Smile Tells a Story",,https://cdn.prod.website-files.com/6662439aca412a132853c5f8/677f04aa5ceaa3af255ddefc_Gentle-Dental_Outdoor_3%20(resized).webp,Gentle Dental billboard ad,https://cdn.prod.website-files.com/6662439aca412a132853c5f8/6674a2c6e7a5e4408b8908b1_Gentle_Dental_2UP_Left.webp,Gentle Dental advertising in shop-front,Our aim was to create a visual identity that felt friendly and approachable while communicating the core benefits of a gentler approach to dentistry. We used an image of a patient wearing an eye mask and reclining in a dentist's chair to show that an appointment at Gentle Dental can be a relaxing experience. A hand-drawn lockup of the tagline ‘Every Smile Tells a Story’ and illustrations kept the idea playful. The combination of slick photography and fun visuals resulted in a disruptive visual campaign that still kept the brand’s look professional. We’ve since used this art direction to promote more of their services – like the time we turned their dental hygienists into dental superheroes.,,https://cdn.prod.website-files.com/6662439aca412a132853c5f8/6674a2dcf6ec9e759a742f0b_Gentle_Dental_Image_Left.webp,Gentle Dental Facebook ad on mobile phone,,,,,,,,,,,,,,,,,,Design,Digital Marketing,Advertising,
Gentle Dental - Web Design,gentle-dental-web-design,67bcff0e0c4ad323511425a7,6662439aca412a132853c5f7,67c61eaa29cc4259598117b1,FALSE,FALSE,Mon Mar 03 2025 21:27:06 GMT+0000 (Coordinated Universal Time),Tue Mar 04 2025 22:07:39 GMT+0000 (Coordinated Universal Time),Tue Mar 04 2025 22:07:39 GMT+0000 (Coordinated Universal Time),7,Gentle Dental Web Design | Ambitious Aotearoa,Since building a custom Craft CMS website Gentle Dental now appears on the first page of Google Search for more than 50 organic keywords. Learn how we did it.,https://cdn.prod.website-files.com/6662439aca412a132853c5f8/672045b2aa0b5f5895b31492_hero_gd_web.webp,,https://cdn.prod.website-files.com/6662439aca412a132853c5f8/6720377062ac725ee43e69d5_thumb_gd_website.webp,Gentle Dental website front page,You're in Good Hands,"UI/UX Design , Web Development","Gentle Dental is one of Wellington’s largest independent dental clinics. Despite this success, their WordPress website wasn’t performing well in organic search results. The plug-in heavy site was also leaving them vulnerable to cyber-attacks. Our client needed a more secure site and an updated digital strategy to help them perform better in organic search results.",https://cdn.prod.website-files.com/6662439aca412a132853c5f8/67218a6c48cb2f67258a627d_gd_desktop.webp,Gentle Dental website on desktop computer,You’re in Good Hands,,,,https://cdn.prod.website-files.com/6662439aca412a132853c5f8/67218a76e11def4b57c7f7a9_gd_mobile.webp,Man scrolling Gentle Dental website on his mobile phone,"We developed a fully customised website in-house using Craft CMS. We chose the platform for its fast load times and better security. Since it doesn’t rely on plug-ins for functionality it's a more secure option than WordPress. With the problem of security solved, we turned our attention towards SEO. We started by expanding the number of service pages on the site from just four to nineteen. This allowed us to increase the keyword density on each page and target a wider range of keywords. Since launching their new Craft CMS website Gentle Dental has a modern, secure website. The dental practice now appears on the first page of Google Search for more than 50 organic keywords.",,,,,,,,,,,,,,,,,,,,,Web Design,,,
Hāpai Public - Brand,hapai-public-brand,67bcff0e0c4ad323511425a7,6662439aca412a132853c5f7,67bd140d7ebcb9b355434a5e,FALSE,FALSE,Tue Feb 25 2025 00:51:25 GMT+0000 (Coordinated Universal Time),Mon Mar 31 2025 03:35:42 GMT+0000 (Coordinated Universal Time),Mon Mar 31 2025 03:35:50 GMT+0000 (Coordinated Universal Time),1,Hāpai Public Branding | Ambitious Aotearoa,"We transformed the Institute of Public Administrators New Zealand into a diverse, modern and vibrant, new brand. Learn more about our visual identity and naming project for Hāpai Public. ",https://cdn.prod.website-files.com/6662439aca412a132853c5f8/67ea0d76cf83c62c568a17c3_image%204.webp,,https://cdn.prod.website-files.com/6662439aca412a132853c5f8/67bbd5754b9e40c89d10f00d_thumbnail.webp,Grid of Hapai Public Brand Guidelines,Uplifting the Public Sector,"Branding & Visual Identity , Brand Essence & Strategy","IPANZ is New Zealand’s independent national body for public sector professionals. To increase engagement with their 50,000-member base they needed a new name and a refreshed brand identity that was more reflective of their membership base.",https://cdn.prod.website-files.com/6662439aca412a132853c5f8/67bd174e7d7e9405ad535251_image%201.jpg,Hapai Public Logo,Uplifting the Public Sector,,https://cdn.prod.website-files.com/6662439aca412a132853c5f8/67bd175994a8af27cf095a8b_image%202.jpg,Public Sector Professional on Her Lunch Break,https://cdn.prod.website-files.com/6662439aca412a132853c5f8/67bd183bbd257243993d83d8_image%203.jpg,Mockup of Hapai Public Orange Business Card,"To successfully shape the brand identity, we needed to hear more from the organisation’s members. To kick us off we ran a series of research evenings with public professionals who told us they had a deep passion for the work they do and a desire to see the brand be more welcoming, diverse and modern. Under a Te Ao Māori-led guidance we developed a bilingual name, ‘Hāpai Public.’ The new name weaves together Te Reo and English. In Māori, ‘Hāpai’ means to support, shoulder or lift while ‘Public’ is a nod to the organisation’s members and their sector. You’ll see that the new brand puts members at the centre. We used event and portrait photography to give the brand a humanistic feeling and reflect the increasing diversity of the public sector. We also chose a vibrant colour palette that conveyed energy, optimism and freshness. Pattern design incorporates the weaving of harakeke, symbolising strength and unity. The Hāpai Public logo represents the uplifting of ideas and the coming together of people from all walks of life. The new look is fresh, welcoming and authentic – just what their members were looking for.",,https://cdn.prod.website-files.com/6662439aca412a132853c5f8/67bbd5a754a140c61a05d43c_image%20right.webp,Grid of Hapai Public Brand Guidelines,https://cdn.prod.website-files.com/6662439aca412a132853c5f8/67bbd5b52d5282b246bf2765_bottom%20image%201.webp,Grid of Hapai Public Website Pages,https://cdn.prod.website-files.com/6662439aca412a132853c5f8/67c61962a632e95c5d28d8f0_67bd395891a9b24c3eeed891_Whanaungatanga%C2%A0.png,,Whanaungatanga,Sense of family connection,https://cdn.prod.website-files.com/6662439aca412a132853c5f8/67c61968f4e9dd7e4b4dd8b0_67bd398bb8a12050a291d155_Akoranga.png,,Akoranga,Sharing of ideas,https://cdn.prod.website-files.com/6662439aca412a132853c5f8/67c6197100a0d87eeddf61a0_67bd3a406c2f66881b324a78_Kaitiakitanga.png,,Kaitiakitanga,Guardianship and protection,https://cdn.prod.website-files.com/6662439aca412a132853c5f8/67bd1a19a6d76e970baf2a54_image%206.jpg,Mockup of Hapai Public Badge,,Branding,,,
Hāpai Public - Web Design,hapai-public-web-design,67bcff0e0c4ad323511425a7,6662439aca412a132853c5f7,67c61eab1dc416e3abbaf637,FALSE,FALSE,Mon Mar 03 2025 21:27:07 GMT+0000 (Coordinated Universal Time),Tue Apr 15 2025 23:55:17 GMT+0000 (Coordinated Universal Time),Tue Apr 15 2025 23:55:17 GMT+0000 (Coordinated Universal Time),3,Hāpai Public Website | Ambitious Aotearoa,"Through fresh storytelling, a vibrant design and improved functionality, Hāpai Public’s new website is inspiring deeper engagement from public service professionals. See how. ",https://cdn.prod.website-files.com/6662439aca412a132853c5f8/67fef1b67f9c99fbef65239b_hero_haipai.jpg,,https://cdn.prod.website-files.com/6662439aca412a132853c5f8/67d8e526d4b8efa07f9d14a1_haipai.jpg,Grid of Hāpai Public webpages,Promoting a Stronger Public Sector,"UI/UX Design , Web Development",Hāpai Public is New Zealand’s independent national body for public sector professionals. The site needed to clearly inform public servants of their membership status (as many simply didn’t know they were members) and simplify the activation process. It also needed to improve the overall user experience while incorporating Hāpai Public’s fresh new brand identity.,https://cdn.prod.website-files.com/6662439aca412a132853c5f8/67ea0beef6c2d76115871116_07.webp,Hāpai Public webpages on iPad and iPhone,Promoting a Stronger Public Sector,,https://cdn.prod.website-files.com/6662439aca412a132853c5f8/67ea0bf737e76a89b32b11ef_Mac-Mockup.webp,Hāpai Public website on desktop computer,,,"Public servants are a passionate lot. To highlight the benefits of membership, we showcased real stories from existing members on the Home Page. Visitors to the site can explore how becoming a Hāpai Public member has helped their peers deepen their understanding of the sector, build confidence, and advance their career. We used our newly created, vibrant colour pallet to bring attention to the user's current membership status. Now, in just two clicks, they can check if their organisation is listed in the Member Directory and either activate their membership or join as an individual. Through research sessions we learnt that public servants were interested in engaging more with the site but were very time poor. When designing the sitemap, we focused on improving usability by streamlining the user experience. Key resources, such as events and updates, are accessible from the homepage and navigation while the journey from event to registration is faster. Fresh storytelling, a vibrant design and improved functionality across the site has helped to inspire deeper engagement from both existing and new members.",,,,,,,,,,,,,,,,,,,,,Web Design,,,
Ingerson - Branding & Advertising,ingerson-branding-advertising,67bcff0e0c4ad323511425a7,6662439aca412a132853c5f7,67c61eab89e0d72d3f415204,FALSE,FALSE,Mon Mar 03 2025 21:27:07 GMT+0000 (Coordinated Universal Time),Tue Mar 04 2025 22:07:26 GMT+0000 (Coordinated Universal Time),Tue Mar 04 2025 22:07:26 GMT+0000 (Coordinated Universal Time),23,Ingerson Web Design Case Study | Ambitious Aotearoa,"In a competitive property market, Ingerson Home Loans & Insurance needed help to look the part. See how art direction and brand design come together into a modern, professional brand.",https://cdn.prod.website-files.com/6662439aca412a132853c5f8/677f2745a4320c057b57cff1_Ingerson_Hero.webp,,https://cdn.prod.website-files.com/6662439aca412a132853c5f8/677f274cbbb91405c2f37015_Ingerson_Thumbnail.webp,Ingerson website on desktop computer,With You All The Way,"Art Direction & Advertising Design , Brand Design , Digital Marketing","Ingerson is a Wellington-based home loans and insurance broker. The company came to us for help with creating a more professional brand. In a competitive property market, they were looking for a more approachable look that would appeal to first home buyers, investors and families trying to get on the property ladder.",https://cdn.prod.website-files.com/6662439aca412a132853c5f8/677f284db09577ac2431f92b_Ingerson_Logo_Image.png,Ingerson logo,With You All The Way,,https://cdn.prod.website-files.com/6662439aca412a132853c5f8/677f2760b3e96f5331ff9d11_Ingerson-Desktop-Mockup-(minified).webp,Ingerson website on desktop computer,https://cdn.prod.website-files.com/6662439aca412a132853c5f8/677f2765d10be7d594257b79_Ingerson_Mobile_Mockup-(minified).webp,ingerson website on mobile phone ,"Ingerson have a genuine care for the wellbeing and livelihood of their clients. We wanted to create a brand that captured the warmth and professionalism of their team and reflected their mission of helping their clients create wealth and keep it protected for generations to come. We started by creating a new logo mark. A spiral design in the shape of the house is reminiscent of a maze. It reflects Ingerson’s role in guiding their clients through what is often a difficult process. A copper inspired orange offsets a modern blue and a classic dark navy. The colour palette is modern, classic and warm. The art direction is where the brand truly shines. We combined photography, customised patterns and illustrations to create a unique look. The photography is relatable, warm and human and centres on growing families.",,,,,,,,,,,,,,,,,,,,,Branding,Digital Marketing,Advertising,
LG Creative,lg-creative,67bcff0e0c4ad323511425a7,6662439aca412a132853c5f7,67c61eab1dc416e3abbaf639,FALSE,FALSE,Mon Mar 03 2025 21:27:07 GMT+0000 (Coordinated Universal Time),Tue Mar 04 2025 22:07:07 GMT+0000 (Coordinated Universal Time),Tue Mar 04 2025 22:09:27 GMT+0000 (Coordinated Universal Time),10,LG Creative Case Study | Ambitious Aotearoa,Standing out from the crowd can be hard for small businesses. Discover how Ambitious transformed LG Creative’s branding from small signage business to artisan studio.,https://cdn.prod.website-files.com/6662439aca412a132853c5f8/668f663dccbb3f8e58aea0f0_Screen%20Shot%202024-07-11%20at%204.53.03%20PM.webp,,https://cdn.prod.website-files.com/6662439aca412a132853c5f8/67203786ed1cd99f73a7011d_thumb_lg.webp,Woman scrolling LG Creative website on her mobile phone,LG Creative,"Branding Strategy , UI/UX Design , Web Design",Our client came to us for help with growing their business beyond word of mouth. We needed to develop a web solution that would increase their brand presence and help them compete in search results.,https://cdn.prod.website-files.com/6662439aca412a132853c5f8/668cc0856875ffbc88804d29_hero%20image%20(1).webp,LG Creative logo,From Design to Sign,,https://cdn.prod.website-files.com/6662439aca412a132853c5f8/668caa6db912c4f7772e8db6_ipad.webp,Man browsing LG Creative website on iPad,https://cdn.prod.website-files.com/6662439aca412a132853c5f8/668caa62014fa44f4de57669_Imac%20Desktop%20Mockup.webp,LG Creative website on desktop computer,"We began with a brand essence framework to articulate the tangible and emotional benefits of the brand. This process identified a range of ways the business could differentiate themselves from their competitors including their dedication to quality materials, their industry experience and their approach to partnering with clients. The core idea for the brand messaging became ‘From Design to Sign.’ We used this essence statement as a building block for the website UI/UX and content. Using Craft CMS, we built out a range of individual service pages to help the brand perform better in organic search results. We also developed some animations to communicate their range of services in a fun and engaging way. On the home page, the text ‘Signage for your store’ greets incoming visitors. We used a looping animation to replace the last word with additional areas where signage can be applied. Further down the page a secondary animation slides their services across the screen.",,https://cdn.prod.website-files.com/6662439aca412a132853c5f8/668caa682ac8c0d6dfe4565d_Woman%20Holding%20iPhone%20Mockup%20PSD.webp,Woman scrolling LG Creative website on her mobile phone,,,,,,,,,,,,,,,,,,Web Design,,,
"NZ Locums - New Life, New Adventure, New Zealand",nz-locums-new-life-new-adventure-new-zealand,67bcff0e0c4ad323511425a7,6662439aca412a132853c5f7,67c61eab1fbc5453b0b9ee23,FALSE,FALSE,Mon Mar 03 2025 21:27:07 GMT+0000 (Coordinated Universal Time),Tue Mar 04 2025 22:07:21 GMT+0000 (Coordinated Universal Time),Tue Mar 04 2025 22:09:27 GMT+0000 (Coordinated Universal Time),2,"NZ Locums New Life, New Adventure, New Zealand | Ambitious Aotearoa",We told overseas doctors what they might expect from an exciting new adventure working in New Zealand. Discover the advertising ideation and art direction that brought this campaign to life.,https://cdn.prod.website-files.com/6662439aca412a132853c5f8/67881c8f369a5d6613dd4c2c_Hero.webp,,https://cdn.prod.website-files.com/6662439aca412a132853c5f8/678857490a7d32f049211a85_Thumbnail.webp,"NZ Locums digital advertising for 'New Life, New Adventure, New Zealand' campaign","New Life, New Adventure, New Zealand","Advertising Creation & Ideation , Art Direction & Copywriting , Digital Marketing Campaign Management , Film , UI/UX Design & Web Development","In early 2025, we continued our partnership with Hauora Taiwhenua, New Zealand’s Rural Health Network, recruiting doctors to live and work in New Zealand. We continued to leverage the original campaign line of ‘New Life, New Adventure, New Zealand’ to build consistency and brand recognition on our second campaign. Our new challenge: finding a fresh new way to entice overseas doctors to our shores.",https://cdn.prod.website-files.com/6662439aca412a132853c5f8/678857555e3d2f4cd8905044_Type-Lockup.webp,"NZ Locums type lockup for 'New Life, New Adventure, New Zealand' campaign","New Life, New Adventure, New Zealand",,https://cdn.prod.website-files.com/6662439aca412a132853c5f8/67881cae18f7700a46a1ddfe_Image%201.webp,"NZ Locums digital advertising for 'New Life, New Adventure, New Zealand' campaign",https://cdn.prod.website-files.com/6662439aca412a132853c5f8/67881cbde4a3577f53d64528_mockup.webp,"'New Life, New Adventure, New Zealand' landing page on laptop computer","What better way to get doctors to move to Aotearoa than to hear from those who’ve already made the leap? To spark interest overseas, we launched a testimonial campaign featuring rural doctors sharing their experiences and showcasing what drew them to New Zealand. We visited doctors stationed in some of New Zealand’s most beautiful settings, from the rugged beaches of Oamaru to the serene shores of Lake Taupō. Travelling to these communities, we learnt what makes their lives here so rewarding. Their stories captured a uniquely Kiwi lifestyle—filled with outdoor adventure, tranquillity, and, most importantly, more time with family. To bring these stories to life, we created a slick landing page that hosts a visual library of over a dozen personal stories. A digital advertising campaign then shared these firsthand accounts of ‘our doctors’ speaking directly to their curious peers.",,,,,,,,,,,,,,,,,,,,,Advertising,Digital Marketing,Design,Web Design
NZ Locums - Your New Adventure Starts Here,nz-locums-your-new-adventure-starts-here,67bcff0e0c4ad323511425a7,6662439aca412a132853c5f7,67c61eab1be3f22c593e80a5,FALSE,FALSE,Mon Mar 03 2025 21:27:07 GMT+0000 (Coordinated Universal Time),Tue Mar 04 2025 22:07:17 GMT+0000 (Coordinated Universal Time),Tue Mar 04 2025 22:09:27 GMT+0000 (Coordinated Universal Time),5,NZ Locums Case Study | Ambitious Aotearoa,NZ Locums have transformed New Zealand's doctor recruitment with a campaign that highlights the adventure and beauty of Aotearoa.,https://cdn.prod.website-files.com/6662439aca412a132853c5f8/675ba7761ae0a19ac2b4798d_NZ%20Locums%20Header.jpg,,https://cdn.prod.website-files.com/6662439aca412a132853c5f8/672037a1119fb7e098163f66_thumb_nzl.webp,Centrefold ad in medical journal for NZ Locums advertising campaign,Your New Adventure Starts Here,"Brand Essence & Strategy , Advertising Ideation , Advertising Creation","Hauora Taiwhenua, New Zealand’s Rural Health Network, was tasked with recruiting doctors to live and work in New Zealand. Faced with competition from other markets like Australia and the UK that can offer higher salaries, and less isolation, we needed to understand what we can tell them about New Zealand that might invite their interest.",https://cdn.prod.website-files.com/6662439aca412a132853c5f8/675ba7be7f8892d944a262f6_nzlocums_logo.png,'New Life New Adventure New Zealand' Type Lockup for NZ Locums Advertising Campaign,Your New Adventure Starts Here,,https://cdn.prod.website-files.com/6662439aca412a132853c5f8/6667c3a44bc103afd9291048_NZ-Locums_Magazine%20(resized).webp,Journal Cover for NZ Locums Advertising Campaign,https://cdn.prod.website-files.com/6662439aca412a132853c5f8/6667c320e673d81294ed1123_NZ-Locums_Flyer_1%20(resized).webp,Print Ads for NZ Locums Advertising Campaign,"We’re a nation of adventurers, and for curious expats, there’s no greater wonderland than good old Aotearoa. We decided to leverage the millions of dollars that have been spent advertising New Zealand to the world with a campaign line of “New Life. New Adventure. New Zealand.” The art direction features images of doctors in their daily environment (okay, I think the model might have been an electrician, but he looked the part) paired carefully with adventurous snapshots that showed the excitement our potential recruits could find in their time off. The split screen effect immediately captures the audience’s attention with visually disruptive appeal, and the headlines help to tell the story. Across Print Media, Digital Advertising and a slick landing page, we told doctors what they might expect from an exciting new adventure.",,https://cdn.prod.website-files.com/6662439aca412a132853c5f8/6674a26a1d706106728a3bfc_Hauora_Taiwhenua_Website.webp,Laptop Screen Showing NZ Locums Landing Page,https://cdn.prod.website-files.com/6662439aca412a132853c5f8/6667c39e70502b90361e3ecd_NZ-Locums_Outdoor_1%20(resized).webp,Outdoor Ad for NZ Locums Advertising Campaign,,,,,,,,,,,,,,,,Advertising,Design,Digital Marketing,
PitchDeck,pitchdeck,67bcff0e0c4ad323511425a7,6662439aca412a132853c5f7,67c61eab1dc416e3abbaf63c,FALSE,FALSE,Mon Mar 03 2025 21:27:07 GMT+0000 (Coordinated Universal Time),Tue Mar 04 2025 22:07:01 GMT+0000 (Coordinated Universal Time),Tue Mar 04 2025 22:09:27 GMT+0000 (Coordinated Universal Time),16,PitchDeck Case Study | Ambitious Aotearoa,"See how through branding and visual identity and a new web design, Ambitious transformed PitchDeck’s incoming leads process and nurture more prospects toward booking a call.",https://cdn.prod.website-files.com/6662439aca412a132853c5f8/66aaf37bcfc97e536f501ab9_Pitchdeck%20website.webp,,https://cdn.prod.website-files.com/6662439aca412a132853c5f8/67171f45819d1b9993b9c6bb_thumb_pd.jpg,PitchDeck brand image treatment,PitchDeck,"Art Direction & Copywriting , Branding & Visual Identity , Web Design & Development",Pitch Deck came to us as a new business looking for help with their digital marketing strategy. They needed to create a way of getting ambitious founders to book in for a pitch review with their team of experts.,https://cdn.prod.website-files.com/6662439aca412a132853c5f8/668cc0b21617b98b536f4702_Hero%20Image%20(2).webp,PitchDeck logo,Get Investor Ready,,https://cdn.prod.website-files.com/6662439aca412a132853c5f8/668ca861ccbd1d07af613228_Desktop-Mockup.webp,PitchDeck website on desktop computer,https://cdn.prod.website-files.com/6662439aca412a132853c5f8/668ca84c7b0cd27d2c7d3a68_Instagram%20Post.webp,PitchDeck Instagram advertising on mobile phone,"We decided to leverage their range of digital resources to nurture prospects toward booking a pitch review call. We started by building an automated email campaign to help prospects become more familiar with the brand. The emails shared a range of helpful free resources, tips and content designed to help familiarise prospects with the brand and establish Pitch Deck as authorities in their industry. We built a small website for the brand to help direct interested traffic off email and into the booking process. Keeping the site small was key to keeping prospects focused when they visited the site. Video testimonials, case studies and the team’s prior experience in investor relations helped to give further gravitas to this new endeavour.",,https://cdn.prod.website-files.com/6662439aca412a132853c5f8/668ca857c8bb612f3c1a73db_A4%20Paper%20Mockup.webp,PitchDeck letterhead,https://cdn.prod.website-files.com/6662439aca412a132853c5f8/668ca866cda7c5bf8be6fabc_Photo%20Mockup_%205000%20x%203333%20px.webp,PitchDeck branded presentation,,,,,,,,,,,,,,,,Branding,Design,Web Design,
Reilly Investment Group,reilly-investment-group,67bcff0e0c4ad323511425a7,6662439aca412a132853c5f7,67c61eab64752747c2eeef37,FALSE,FALSE,Mon Mar 03 2025 21:27:07 GMT+0000 (Coordinated Universal Time),Tue Mar 04 2025 22:06:56 GMT+0000 (Coordinated Universal Time),Tue Mar 04 2025 22:09:27 GMT+0000 (Coordinated Universal Time),20,Reilly Investment Group Case Study | Ambitious Aotearoa,Boutique strategic wealth management firm Reilly Financial have connected with customers with their sleek and easy-to-use Webflow website.,https://cdn.prod.website-files.com/6662439aca412a132853c5f8/666a51783445d0b9d13cce9d_Reilly%20Investment%20Group%20Header%202.webp,,https://cdn.prod.website-files.com/6662439aca412a132853c5f8/672037c3ed1cd99f73a729f2_thumb_reilly.webp,Front page of the Reilly Investment Group website,Reilly Investment Group,"Web Design & Development , Content , Copywriting , Design , Brand","Reilly Financial are a boutique strategic wealth management company based in Western Australia. A lack of knowledge about the tax, insurance and finance possibilities available to them left many clients feeling uneasy about their financial future.",https://cdn.prod.website-files.com/6662439aca412a132853c5f8/6674a2a873b7a09e2fdfed09_Reilly%20Investments_Hero.webp,Various pages from the Reilly Investment Group website,"Finally, Financial Clarity",,https://cdn.prod.website-files.com/6662439aca412a132853c5f8/6667d802a7bfefb0f27bce16_rig2.webp,Reilly Investment Group website on desktop computer,https://cdn.prod.website-files.com/6662439aca412a132853c5f8/6667d80c89ed7ce9f689bf51_Reilly-Investment-Group_1%20(resized).webp,Woman browsing the Reilly Investment Group website on her mobile phone,"While clients primarily came to Reilly for advice on a specific product, like tax, insurance or wealth management advice, most clients had a secondary motivation — to gain a deeper understanding of their finances as a whole. To address this problem, we decided to build a brand-new website that gave clients a sense of confidence when choosing a strategic partner. We upgraded the Reilly site from an off the shelf template to a fully customised site built in-house on Webflow. The headline “Finally, Financial Clarity,” invites new visitors to invisage a whole new level of financial empowerment — one that’s built around comprehensive financial advice and a personal approach to wealth management. Combined with a calm but modern colour palette of pink, yellow and light blue, the site invites customers to take their first step towards financial clarity.",,,,,,,,,,,,,,,,,,,,,Design,Web Design,,
Supertec,supertec,67bcff0e0c4ad323511425a7,6662439aca412a132853c5f7,67c61eaca3b4e65c9b890c2c,FALSE,FALSE,Mon Mar 03 2025 21:27:08 GMT+0000 (Coordinated Universal Time),Tue Apr 15 2025 23:54:20 GMT+0000 (Coordinated Universal Time),Tue Apr 15 2025 23:54:20 GMT+0000 (Coordinated Universal Time),9,Supertec Case Study | Ambitious Aotearoa,"Learn how Ambitious created branding and identity that communicated the unique benefits of New Zealand’s most powerful investment administration tool, Supertec.",https://cdn.prod.website-files.com/6662439aca412a132853c5f8/67fef19be58c142f42e5a600_hero_supertec.jpg,,https://cdn.prod.website-files.com/6662439aca412a132853c5f8/672037d1692c531912c5b4da_thumb_st.webp,Supertec brand image treatment and elements,Supertec,"Branding & Strategy , Brand Design , UI/UX Design , Web Design",Supertec is New Zealand’s most powerful investment administration tool. Our client came to us to generate brand messaging and visual identity. The new brand needed to communicate the unique benefits of their in-house software tool.,https://cdn.prod.website-files.com/6662439aca412a132853c5f8/668cc0733b95cde16aadc05d_Hero%20Image%20(3).webp,Supertec logo,"Manage Your Members, Simply, Efficiently",,https://cdn.prod.website-files.com/6662439aca412a132853c5f8/668cab1c1617b98b5360542d_Instagram%20Post.webp,Supertec social media advertising on Instagram,https://cdn.prod.website-files.com/6662439aca412a132853c5f8/668cab0fc8bb612f3c1c1bc9_Billboard.webp,Supertec billboard advertising,"Our process began with a brand essence framework. We identified the unique selling propositions that would help differentiate their brand from its competitors. We also identified brand archetypes to help define Supertec’s unique personality and tone of voice. The core essence statement of the brand became ‘manage your members, simply efficiently’ articulating the message that the product makes streamlining, managing and processing tasks that much easier. We brought this idea through into the visual identity by developing a logomark using simple shapes to represent the concepts of simplicity and efficiency. Automation, customisation and agility are represented through a visual system of squares, arrows and circles using solid colours and small groupings of shapes. A palette of bright orange, yellow, vibrant blue and purple was chosen to represent technology, innovation and modernisation. The wider brand system situated these colours and shapes on a black background giving the overall brand a contemporary, elevated feeling.",,https://cdn.prod.website-files.com/6662439aca412a132853c5f8/668cab16bccb5e44c0825049_Poster.webp,Supertec poster advertising,https://cdn.prod.website-files.com/6662439aca412a132853c5f8/668cab1ff9553d02b3a737f2_A4%20Paper%20Mockup.webp,Supertec letterhead,,,,,,,,,,,,,,,,Branding,Web Design,,
Te Tiriti Is Us,te-tiriti-is-us,67bcff0e0c4ad323511425a7,6662439aca412a132853c5f7,67c61eaeed17d1461b890c45,FALSE,FALSE,Mon Mar 03 2025 21:27:10 GMT+0000 (Coordinated Universal Time),Tue Apr 15 2025 23:53:02 GMT+0000 (Coordinated Universal Time),Tue Apr 15 2025 23:53:02 GMT+0000 (Coordinated Universal Time),8,Te Tiriti Is Us Case Study | Ambitious Aotearoa,"Ambitious Aotearoa and not-for-profit 'Te Tiriti Is Us' launched a clever, funny campaign pushing back against the ACT Party's Treaty Principles legislation.",https://cdn.prod.website-files.com/6662439aca412a132853c5f8/67fef157f6d0bcc442c4f5e0_hero_tetiriti.jpg,https://vimeo.com/1017376233?share=copy#t=0,https://cdn.prod.website-files.com/6662439aca412a132853c5f8/672037fe85cbe6188210dc50_thumb_tetiriti.webp,Te Tiriti Is Us logo and brand lockup,Te Tiriti Is Us,"Art Direction & Copywriting , Film & Voiceover , UI/UX Design , Web Design","Te Tiriti is Us, a not-for-profit project opposed to the ACT Party's Treaty Principles legislation, reached out to us for help with their campaign. They had a grass roots movement with a lot of steam behind them, but they were having problems reaching a broad audience with such a delicate political subject.",https://cdn.prod.website-files.com/6662439aca412a132853c5f8/67c678915f9701522e4922f6_67be998941123b2b4b975632_te%20tiriti.webp,"Grid of frames from Te Tiritit Is Us ""Remember the 70s?"" video",Remember the 70s?,,https://cdn.prod.website-files.com/6662439aca412a132853c5f8/6711d6b52983ea7b0da4ab6f_Desktop-Mockup.webp,Te Tiriti Is Us website on desktop computer,https://cdn.prod.website-files.com/6662439aca412a132853c5f8/6711d6c4f980535bf0f193fb_29%20Smartphone%20Screen%20Mockup.webp,Te Tiriti Is Us social media mockups,We put together a funny ad featuring kiwi comedy star (and New Zealand's favourite vampire) Cori Gonzalez-Macuer. The campaign compares David Seymours Treaty Principles with other bad ideas like mullets and Palmerston North (sorry palmy). Humour helps us connect. The campaign was featured in The New Zealand Herald and even David Seymour said he thought it was funny.,,https://cdn.prod.website-files.com/6662439aca412a132853c5f8/6711d6cd08d1c9e21fbb538b_Woman%20Holding%20iPhone%2014%20Mockup%20Outdoor%2001.webp,Woman scrolling Te Tiriti Is Us website on mobile phone,,,,,,,,,,,,,,,,,,Advertising,Web Design,,
Thinkcap - Branding & Advertising,thinkcap,67bcff0e0c4ad323511425a7,6662439aca412a132853c5f7,67c61eaced17d1461b8909b3,FALSE,FALSE,Mon Mar 03 2025 21:27:08 GMT+0000 (Coordinated Universal Time),Tue Mar 04 2025 22:06:44 GMT+0000 (Coordinated Universal Time),Tue Mar 04 2025 22:09:27 GMT+0000 (Coordinated Universal Time),17,Thinkcap Case Study | Ambitious Aotearoa,"Through strategic digital marketing, we created a seamless online experience that boosted leads and increased traffic for leading commercial finance brokerage, ThinkCap.",https://cdn.prod.website-files.com/6662439aca412a132853c5f8/66aaf523cdbebd969098e7c5_Facebook%20Cover%20v3.2.webp,,https://cdn.prod.website-files.com/6662439aca412a132853c5f8/672037e83b6403d743e10d2c_thumb_tc.webp,Thinkcap brand image treatment and elements,Thinkcap,"Advertising Design & Art Direction , Copywriting , Digital Marketing",ThinkCap is a leading commercial finance brokerage based in Australia. Our client came to us for help with their digital marketing. We needed to find a way to make SMEs who were looking for funding engage with their services.,https://cdn.prod.website-files.com/6662439aca412a132853c5f8/668cc05e1812c867f1c497ad_Hero%20Image-admin%E2%80%99s%20MacBook%20Pro.webp,Thinkcap logo,Fund Your Ambition,,https://cdn.prod.website-files.com/6662439aca412a132853c5f8/668cabcbf9553d02b3a7b1c3_Woman%20Holding%20iPhone%2014%20Mockup%20Outdoor%2001.webp,Woman scrolling Thinkcap website on mobile phone,https://cdn.prod.website-files.com/6662439aca412a132853c5f8/668cabbe62c9098517e565b8_PP%20Billboard%2011.webp,Thinkcap billboard advertising,"We started by generating a list of keywords to effectively target small business owners in the transport industry. We developed a strategic campaign using Google search and display ads to target organic search. The art direction was brought in line with the brand’s target audience. Display ads used photography that focused on trade-based services and combined with simplified copy, spoke to ThinkCap’s fast and simple process for applying for funding. The art direction was applied across a range of collateral including social media posts and blog images. This created consistency across the brand and ensured we were creating a seamless experience across all their digital channels. To help nurture leads through the buying process, we built a responsive landing page to send traffic to a form where visitors could apply for loan services in less than two minutes.",,,,,,,,,,,,,,,,,,,,,Branding,Digital Marketing,Web Design,Advertising
Thinkcap - Web Design,thinkcap-web-design,67bcff0e0c4ad323511425a7,6662439aca412a132853c5f7,67c61eac61bd7a92007efd08,FALSE,FALSE,Mon Mar 03 2025 21:27:08 GMT+0000 (Coordinated Universal Time),Tue Mar 04 2025 22:06:38 GMT+0000 (Coordinated Universal Time),Tue Mar 04 2025 22:09:27 GMT+0000 (Coordinated Universal Time),22,Thinkcap Web Design Case Study | Ambitious Aotearoa,"Through smart UX design and a customised, responsive design built on Webflow see how we increased engagement and traffic to this leading commercial finance brokerage.",https://cdn.prod.website-files.com/6662439aca412a132853c5f8/677f279831afe3feff591dc9_Thinkcap-Hero-Image.webp,,https://cdn.prod.website-files.com/6662439aca412a132853c5f8/677f279e71461037971b1242_Thinkcap-Thumbnail.webp,Man scrolling Thinkcap website on his mobile phone,We Make Business Lending Fast and Easy,"UI/UX Design , Web Development","ThinkCap is a leading commercial finance brokerage based in Australia. With tough competition in the financial market from other lenders, our client needed a way to increase engagement and drive more organic traffic to their site.",https://cdn.prod.website-files.com/6662439aca412a132853c5f8/677f1fd4efaa9a37dfbfa8f7_Desktop%20Mockup%20Front.webp,Thinkcap website on desktop computer,We Make Business Lending Fast and Easy,,https://cdn.prod.website-files.com/6662439aca412a132853c5f8/677f1fd8cfc8afc481278790_Hand-with-Mobile-Mockup.webp,Man scrolling Thinkcap website on his mobile phone,,,"ThinkCap needed a website that would appeal more to their customers and sell their wide range of services. We built the site on Webflow, allowing us to customise the site exactly as we liked. We started by creating a wireframe and expanding their service pages from just four to 20. This would help increase on-page SEO, provide education about their range of products and ensure that their multiple audiences were catered to. The new website also incorporates the existing brand to its full potential. We update the site with vibrant and engaging photography related to construction, transportation and heavy machinery. Bringing it all together, a mega menu now makes navigating the 20 service pages a breeze. Expanding the service pages has helped increase traffic, particularly with organic search while a refreshed art direction is more engaging for customers in the transport, logistics and manufacturing industries.",,,,,,,,,,,,,,,,,,,,,Web Design,,,
Treasured Morning - Branding & Advertising,treasured-morning,67bcff0e0c4ad323511425a7,6662439aca412a132853c5f7,67c61eadf7a2fa043c569503,FALSE,FALSE,Mon Mar 03 2025 21:27:09 GMT+0000 (Coordinated Universal Time),Tue Mar 04 2025 22:03:30 GMT+0000 (Coordinated Universal Time),Tue Mar 04 2025 22:09:27 GMT+0000 (Coordinated Universal Time),13,Treasured Morning Branding & Advertising Case Study | Ambitious Aotearoa,Treasured Morning's Taranaki inspired art direction and product packaging make health-conscious breakfast choices easy and delicious.,https://cdn.prod.website-files.com/6662439aca412a132853c5f8/6720483f0469ccf05457b3e4_hero_tm_b%26a.webp,,https://cdn.prod.website-files.com/6662439aca412a132853c5f8/67204b23746876a86fbd773f_thumb_tm_b%26a.webp,Bowl of Treasured Morning superfood with packaging in background,Seriously Good Superfoods,"Branding & Visual Identity , Photography , Print Design","Treasured Morning is a high protein Superfood brand. After choosing a new name, we needed to create a brand identity that would help relaunch the company and share their mission with their customers.",https://cdn.prod.website-files.com/6662439aca412a132853c5f8/6674a3e43c07d233c09feec3_Treasured%20Morning_Web_Image%20Template_Full%20Width.webp,Treasured Morning logo,Seriously Good Superfoods,,https://cdn.prod.website-files.com/6662439aca412a132853c5f8/677f1c4050d0ded0e9babc19_Treasured-Morning_Outdoor_3%20(resized).webp,Treasured Morning billboard advertising,https://cdn.prod.website-files.com/6662439aca412a132853c5f8/6667c615254a0d36363a8b52_Treasured-Morning_Mobile_1%20(resized).webp,Treasured Morning website on mobile phone,"Getting enough protein in your morning bowl of cereal doesn’t have to be boring. In fact, the right morning routine can set your mood for the rest of the day. With a new business name and tag line of “food that inspires” we designed a new brand focusing on how health-conscious humans can use Superfoods as a source of inspiration to fuel their day. By focusing on the concept of inspiration, the brand is accessible to a wide audience, including dedicated healthy eaters and those just beginning their wellness journey. The art direction takes inspiration from the landscape of Taranaki, where these healthy creations are made. Combined with a delicate colour palette found in a morning sunrise. Across new packaging design, logo and brand design we communicated the idea that Superfoods are an essential part of your morning me-time.",,https://cdn.prod.website-files.com/6662439aca412a132853c5f8/6674a337c9fb75259393e5f5_Treasured-Morning_Web_Image-Brand-Guides.gif,GIF of Treasured Morning Brand Guidelines,https://cdn.prod.website-files.com/6662439aca412a132853c5f8/67c61eacf7a2fa043c5694f2_6667c6280a03cbbcc384efd6_Treasured-Morning_Outdoor_1%2520(resized).webp,Treasured Morning billboard advertising,,,,,,,,,,,,,https://cdn.prod.website-files.com/6662439aca412a132853c5f8/6675010a1d2969cf1d6cd4d8_Treasured-Morning%20Photography.webp,Treasured Morning packaging promotional advertising,,Branding,Design,Advertising,
Treasured Morning - Web Design,treasured-morning-web-design,67bcff0e0c4ad323511425a7,6662439aca412a132853c5f7,67c61eac2d76162434ab179e,FALSE,FALSE,Mon Mar 03 2025 21:27:08 GMT+0000 (Coordinated Universal Time),Tue Apr 15 2025 23:53:50 GMT+0000 (Coordinated Universal Time),Tue Apr 15 2025 23:53:50 GMT+0000 (Coordinated Universal Time),21,Treasured Morning Web Design Case Study | Ambitious Aotearoa,"See how we used Shopify and a new print campaign to help one superfood company promote their subscription service to more than 70,000 customers.",https://cdn.prod.website-files.com/6662439aca412a132853c5f8/67fef1857fec27c72622b16c_hero_gd-advertising-1.jpg,,https://cdn.prod.website-files.com/6662439aca412a132853c5f8/67203824c73a3e6877b8ae25_thumb_tm_website.webp,Grid of Treasured Morning website pages,Wellness Your Way,"UI/UX Design , Web Development","Treasured Morning is a high protein Superfood brand. With a new brand identity, the company needed a modern website to showcase their superfoods, share their mission and promote their subscription service to their customers.",https://cdn.prod.website-files.com/6662439aca412a132853c5f8/67218d9cc5f5e0d02d516ee9_tm_desktop.webp,Treasured Morning website on two desktop computers,Wellness Your Way,,https://cdn.prod.website-files.com/6662439aca412a132853c5f8/6667c615254a0d36363a8b52_Treasured-Morning_Mobile_1%20(resized).webp,Treasured Morning website on mobile phone,,,"We chose to build a new ecommerce website using Shopify. This platform made it easy for our client to add new products and process orders on the back end. Throughout the site we used slick photography of the product to help associate the superfoods with a healthy inspirational yet attainable lifestyle. Glossy, staged food photography helped to communicate the many ways the Superfoods can be used. Product photography showed the Superfoods out of the packed, bringing attention to the whole food ingredients and breathing life into the product. We launched the new website along with the brand’s first ever print campaign in Healthy Food Guide – New Zealand’s premier healthy eating magazine with 70,000 subscribers.",,,,,,,,,,,,,,,,,,,,,Web Design,,,
Urban Hub - Branding & Advertising,urban-hub-branding-advertising,67bcff0e0c4ad323511425a7,6662439aca412a132853c5f7,67c61eac89e0d72d3f41531f,FALSE,FALSE,Mon Mar 03 2025 21:27:08 GMT+0000 (Coordinated Universal Time),Tue Apr 15 2025 23:56:46 GMT+0000 (Coordinated Universal Time),Tue Apr 15 2025 23:56:46 GMT+0000 (Coordinated Universal Time),18,Urban Hub Branding & Advertising Case Study | Ambitious Aotearoa,Urban Hub stands out from Wellington's coworking market with a people-centric rebrand and user-friendly website.,https://cdn.prod.website-files.com/6662439aca412a132853c5f8/67fef238f2444842211004ea_hero_uh-advertising.jpg,,https://cdn.prod.website-files.com/6662439aca412a132853c5f8/67204b332301e3294962534d_thumb_uh_b%26a.webp,Urban Hub Facebook ads on mobile phone,Where Wellington Goes to Work,"Brand Essence & Strategy , Copywriting & Art Direction , Photography","Urban Hub needed a point of difference to attract more clients to their coworking and service office space in central Wellington. With several competitors in town, including global and national chains, we needed a fresh way to attract people to their space.",https://cdn.prod.website-files.com/6662439aca412a132853c5f8/6674a85f0eb8a2af87b22bcf_Urban%20Hub_Brandmarks%20FW.webp,Urban Hub logo,Where Wellington Goes to Work,,https://cdn.prod.website-files.com/6662439aca412a132853c5f8/6674a86f50fc8370ea6f6304_UrbanHub%20Billboard%20L.webp,Urban Hub billboard advertising,https://cdn.prod.website-files.com/6662439aca412a132853c5f8/6668d74ee93acd9d5202d929_Urban_Hub_2%20(resized).webp,Urban Hub interior wayfinding,"Freelancers, satellite teams and contractors are looking for workspaces that are friendly, collaborative and familiar. Rather than showing perfectly staged offices we focused on creating a range of illustrations that capture the essence of Urban's Hub work environment in a universal and relatable way. Short playful animations gave the illustrations a sense of vibrancy and created a sense of atmosphere. A bold colour palette was chosen to further communicate the warmth and friendliness of the spaces and help to differentiate Urban Hub’s five services from one another.",,https://cdn.prod.website-files.com/6662439aca412a132853c5f8/6674a866811461d5e1945630_UrbanHub_Brand-Book-2-Right.gif,GIF of Urban Hub brand book,https://cdn.prod.website-files.com/6662439aca412a132853c5f8/677f1e1e7d6dc167eee9fd1f_Urban_Hub_4%20(resized).webp,Urban Hub Facebook ads on mobile phone,,,,,,,,,,,,,,,,Branding,Digital Marketing,,
Urban Hub - Web Design,urban-hub-web-design,67bcff0e0c4ad323511425a7,6662439aca412a132853c5f7,67c61eacdbad64903806a83b,FALSE,FALSE,Mon Mar 03 2025 21:27:08 GMT+0000 (Coordinated Universal Time),Tue Apr 15 2025 23:56:05 GMT+0000 (Coordinated Universal Time),Tue Apr 15 2025 23:56:05 GMT+0000 (Coordinated Universal Time),15,Urban Hub Web Design Case Study | Ambitious Aotearoa,We used Craft CMS and a variety of interactive illustrative design solutions to help visitors find their ideal office space at Urban Hub Wellington. Learn more.,https://cdn.prod.website-files.com/6662439aca412a132853c5f8/67fef20fc7eb0738b6bea07c_hero_uh-website.jpg,,https://cdn.prod.website-files.com/6662439aca412a132853c5f8/6720383a0469ccf0544ac200_thumb_uh_website.webp,Urban Hub front page of website on desktop computer,Workplace Problems Sorted,"Illustration , UI/UX Design , Web Development",Urban Hub are a coworking and serviced office provider based in central Wellington. Our client needed a new website that would allow prospective customers to compare their range of services more easily.,https://cdn.prod.website-files.com/6662439aca412a132853c5f8/67218aaa228b8c8627da9ebc_uh_desktop.webp,Urban Hub environmental page of website on desktop computer,Workplace Problems Sorted,,https://cdn.prod.website-files.com/6662439aca412a132853c5f8/67218ab19d1611fe829f7026_uh_ipad.webp,Urban Hub website on iPad,,,"Urban Hub’s new website uses functional and design elements to simplify their five services. Built on Craft CMS, we developed five distinct illustrations, each representing one of their key offerings. Each service was also associated with a unique color, allowing visitors to quickly differentiate between each type of office space. On the home page we used tabs to help visitors explore Urban Hub’s most popular services. The web copy is simple and focuses on price and team size. Throughout the site, we created a variety of interactive pages to help simplify the comparison process. On the Solutions page visitors can click through a series of tabs for a side-by-side comparison of office spaces that are suitable for small teams, large teams or freelancers. Finally, we built a customised quiz to streamline the decision-making process even further.",,,,,,,,,,,,,,,,,,,,,Web Design,,,
WellyFun,wellyfun,67bcff0e0c4ad323511425a7,6662439aca412a132853c5f7,67c61eac4188980233822008,FALSE,FALSE,Mon Mar 03 2025 21:27:08 GMT+0000 (Coordinated Universal Time),Tue Mar 04 2025 22:03:34 GMT+0000 (Coordinated Universal Time),Tue Mar 04 2025 22:09:27 GMT+0000 (Coordinated Universal Time),14,WellyFun Case Study | Ambitious Aotearoa,See how we helped WellyFun streamline their booking process and move patrons from exploring to enquiring with smart UX decisions and modern website development.,https://cdn.prod.website-files.com/6662439aca412a132853c5f8/66aaf4277619c43a4d1688ba_1920x1080-sugarwood-poster_sugarwoods-1920x1080_blue.webp,,https://cdn.prod.website-files.com/6662439aca412a132853c5f8/6720384cbefd4e6492fcee37_thumb_welly.webp,WellyFun logo lockup,WellyFun,"Branding & Visual Identity , Design , Copywriting , Print Design , Strategy","As Wellington’s premier destination for organised entertainment and events, Wellington Entertainment Group are highly trained in the art of engagement. They needed a way to display their range of activities, events and equipment in a way that was playful while still appealing to both private and corporate clients. While their existing brand and website used colour to convey their sense of fun, their overall look was busy and confusing. A more modern approach was needed.",https://cdn.prod.website-files.com/6662439aca412a132853c5f8/668b6d5e7900bc7490b508be_wellyfun%20hero.webp,WellyFun logo,Serious About Fun,,https://cdn.prod.website-files.com/6662439aca412a132853c5f8/668b68f092d4e63e01c39544_Wall%20Poster%20Mockup.webp,WellyFun Sugarwoods poster advertising,https://cdn.prod.website-files.com/6662439aca412a132853c5f8/668b68d882620efa5f2d1920_website.webp,WellyFun website on desktop computer,"Before revisiting their brand design, we developed a new name and tag line to help patrons quickly identify their brand value. Their new name WellyFun is both shorter and easier to say while the tagline ‘Serious about fun’ combines a sense of playfulness and professionalism. An entirely new website was built with the goal of navigating the site easier. New pages were created to help people explore each activity while a Mega Menu displays everything in one place — from ideas for teambuilding days to equipment for hire. In keeping with the bright look of the original branding, we used bright blues, pinks and yellows on headings and accents as well as a more readable shade of dark blue. We added unique icons to the Mega Menu and throughout the pages to create a sense of playfulness. Smarter UX decisions help to move patrons from exploring to enquiring. Small barriers — like not being able to find pricing easily or the overly complicated booking system — were removed in favour of simple solutions. Now, prices are displayed prominently on-page and a single enquiry form is the only step needed to get the party started.",,https://cdn.prod.website-files.com/6662439aca412a132853c5f8/668b68fb983c18aa15eea024_Wall%20Screen%20Mockup.webp,WellyFun Sugardwoods digital screen advertising,,,,,,,,,,,,,,,,,,Branding,Design,Web Design,
Wellington Burger Trail,wellington-burger-trail,67bcff0e0c4ad323511425a7,6662439aca412a132853c5f7,69e6ccae160c2d2937af59c2,FALSE,FALSE,Tue Apr 21 2026 01:02:38 GMT+0000 (Coordinated Universal Time),Tue Apr 21 2026 01:17:53 GMT+0000 (Coordinated Universal Time),Tue Apr 21 2026 01:38:55 GMT+0000 (Coordinated Universal Time),,Wellington Burger Trail,,https://cdn.prod.website-files.com/6662439aca412a132853c5f8/69e6cbc4d7e6c1eee24b4f40_burger-trail_hero.webp,,https://cdn.prod.website-files.com/6662439aca412a132853c5f8/69e6cbd54021b5316f8577f0_burger-trail_thumbnail.webp,,Wellington Buger Trail,"Branding & Visual Identity , Digital Marketing , UI/UX Design , Web Design","Eat, Drink, Play help connect Wellington’s hospitality venues with the biggest celebrations in the city. Our client had planned a mayoral-themed burger trail to coincide with Burger Wellington and the upcoming (and hotly contested) mayoral election. We needed to find a way to generate hype and boost participation in this year's burger event.",https://cdn.prod.website-files.com/6662439aca412a132853c5f8/69e6cc0e91fb0e8d91233bc7_burger-trail_img1.webp,,Vote With Your Tastebuds,,https://cdn.prod.website-files.com/6662439aca412a132853c5f8/69e6cc254e7ce9ef84ee6601_burger-trail_img2.webp,,https://cdn.prod.website-files.com/6662439aca412a132853c5f8/69e6cc32e71aaca5faa70e36_burger-trail_img3.webp,,"With Burger Wellington just around the corner, we decided a multi-channel approach was needed. Our OOH approach was to target customers in-store before they had decided what to order. Table talkers and posters were distributed to participating restaurants to bring attention to the campaign. Artwork featuring hand-drawn illustrations and quirky caricatures of our eight mayoral candidates encouraged patrons to ‘Vote with their tastebuds.’ On Facebook, we ran an awareness campaign bringing attention to both the campaign and the prize (a Wellington staycation). Both our digital and OOH media linked to a landing page where burger-fans could cast their vote and enter the draw to win the grand prize. This mixture of digital and traditional media meant we were able to drive awareness and turn interest into entries for this event. ",,https://cdn.prod.website-files.com/6662439aca412a132853c5f8/69e6cc61ef2bcaa8a343cdf9_burger-trail_img4.webp,,https://cdn.prod.website-files.com/6662439aca412a132853c5f8/69e6cc68ef2bcaa8a343ce5c_burger-trail_img5.webp,,,,,,,,,,,,,,https://cdn.prod.website-files.com/6662439aca412a132853c5f8/69e6cc78ebb84b808f5e48f2_burger-trail_img6.webp,,,Branding & Visual Identity,Digital Marketing,UI/UX Design,Web Design
Epic Party Pass,epic-party-pass,67bcff0e0c4ad323511425a7,6662439aca412a132853c5f7,69e6d27d908a904c3320cf4c,FALSE,FALSE,Tue Apr 21 2026 01:27:25 GMT+0000 (Coordinated Universal Time),Tue Apr 21 2026 01:43:09 GMT+0000 (Coordinated Universal Time),Tue Apr 21 2026 01:48:35 GMT+0000 (Coordinated Universal Time),,Epic Party Pass,,https://cdn.prod.website-files.com/6662439aca412a132853c5f8/69e6d1aaebf43094e366c728_party-pass_hero.jpg,,https://cdn.prod.website-files.com/6662439aca412a132853c5f8/69e6d1bbe548269ce9395fc2_party-pass_thumbnail.jpg,,Epic Party Pass,"Branding & Visual Identity , Digital Marketing , UI/UX Design , Web Design",Epic Hospitality’s Welly Party Pass gives patrons the ultimate Saturday-night superpower - skipping the queue at any of their Courtenay Place bars. They partnered with us to spread the word.,https://cdn.prod.website-files.com/6662439aca412a132853c5f8/69e6d20d85660413d02ca21f_party-pass_img1.jpg,,"Save Time, Skip the Line",,https://cdn.prod.website-files.com/6662439aca412a132853c5f8/69e6d21decae7057f293eafe_party-pass_img2.jpg,,https://cdn.prod.website-files.com/6662439aca412a132853c5f8/69e6d22320bc50c9112159ee_party-pass_img3.jpg,,"Our primary objective was to drive awareness and convert weekend partygoers into active purchasers. We launched the campaign with a series of high-impact OOH posters highlighting the pass’s core benefits. Addressing everything from tired feet to saving student dollars, the posters were displayed as diptychs — featuring vibrant artwork and hand-drawn illustrations that delivered our message with a fun, playful edge. These posters were strategically placed in high-traffic areas near Courtenay Place to capture attention and encourage patrons to book online ahead of the Saturday rush. To catch people at the point of entry, we also produced vinyl-protected posters for each bar to display directly at the front of their queues.","By targeting partygoers at two critical stages of the consideration journey; while planning their night and while waiting in line. The initiative was a resounding success, selling over 200 tickets on its first night alone.",https://cdn.prod.website-files.com/6662439aca412a132853c5f8/69e6d2278f6734bc484f59c9_party-pass_img4.jpg,,https://cdn.prod.website-files.com/6662439aca412a132853c5f8/69e6d22d3690e7d36a07af94_party-pass_img5.jpg,,,,,,,,,,,,,,https://cdn.prod.website-files.com/6662439aca412a132853c5f8/69e6d23d00a5f9877b134380_party-pass_img6.jpg,,,Branding & Visual Identity,Digital Marketing,UI/UX Design,Web Design